{
  "b97f93af4a0f429689aeb79b4aa2e76020200703T163534106040": {
    "name": "Falco",
    "duration": 100,
    "location": {
      "world": "f0afa0d0-021d-4997-b87e-e58a6fa171a3",
      "x": -2161.8368599577843,
      "y": 52.0,
      "z": 175.86853179817618,
      "yaw": 270.1006,
      "pitch": -0.2989544
    }
  }
}